{"cameraMode":{"drawMode":0,"name":"Shaded","section":"Shading Mode"},"sceneLighting":false,"audioPlay":false,"sceneViewState":{"showFog":true,"showMaterialUpdate":false,"showSkybox":false,"showFlares":true,"showImageEffects":true,"showParticleSystems":true},"in2DMode":false,"pivot":{"x":-1.3834904432296754,"y":1.2791023254394532,"z":2.0521817207336427},"rotation":{"x":0.040241539478302,"y":0.9567192792892456,"z":-0.1610868126153946,"w":0.23899924755096436},"size":0.4330126941204071,"orthographic":false}