{"cameraMode":{"drawMode":0,"name":"Shaded","section":"Shading Mode"},"sceneLighting":false,"audioPlay":false,"sceneViewState":{"showFog":true,"showMaterialUpdate":false,"showSkybox":false,"showFlares":true,"showImageEffects":true,"showParticleSystems":true},"in2DMode":false,"pivot":{"x":0.11558171361684799,"y":0.3734765648841858,"z":0.7073688507080078},"rotation":{"x":-0.08360355347394943,"y":0.7420778870582581,"z":-0.09423331916332245,"w":-0.6583728790283203},"size":1.3549833297729493,"orthographic":false}